Name,Link
Disney Jasmine Debossed Faux Leather Satchel Bag,/product/kitu/
Origami Handbag of Holding,/product/kgir/
Convertible Wallet-Purse of Holding,/product/kgis/
Doctor Who TARDIS Messenger Bag,/product/kmmh/
Captain Marvel Crossbody Purse,/product/ivut/
Disney Mulan Debossed Faux Leather Satchel Bag,/product/kitt/
Convertible Tote of Holding,/product/kgiq/
GotG Groot Crossbody Bag,/product/jrsi/
Museum of Gudetama Mini Leather Backpack,/product/kivk/
Pok&#xe9;mon Starter Faux Leather Convertible Purse,/product/kmoi/
Pok&#xe9;mon Togepi Faux Leather Crossbody Purse,/product/jppk/
Beauty and the Beast Book Clutch,/product/klhk/
Doctor Who Weeping Angel Purse,/product/kmls/
Pok&#xe9;mon Pikachu Faux Leather Mini Backpack,/product/kmns/
Harry Potter Uniform Clutch with Shoulder Chain,/product/kmvq/
Star Wars R2-D2 Faux Leather Convertible Purse,/product/kmpp/
Pok&#xe9;mon Bulbasaur Faux Leather Crossbody Purse,/product/jppl/
Black Widow Tote Bag ,/product/joms/
Star Wars Rebel Canvas Crossbody Bag,/product/kikt/
Marvel Black Panther Handbag,/product/kojr/
Hello Kitty Mini Backpack,/product/kmnm/
Marvel Valkyrie Mini Backpack,/product/kjjk/
The Sprite Bag by Pixelle,/product/1df0/
Star Wars Princess Leia Rebel Tattoo Tote Bag,/product/kmpr/
Marvel Scarlet Witch Vegan Leather Convertible Purse,/product/jomu/
Betsey Johnson Spruce Me Up Crossbody Purse,/product/kjit/
Pok&#xe9;mon Pikachu Faux Leather Crossbody Purse,/product/jpph/
Game of Thrones Targaryen Bowler Bag,/product/jrgj/
Star Wars R2-D2 with C-3PO Charm Debossed Faux Leather Tote Bag,/product/kmpq/
Corgi Beach Party Tote Bag,/product/juku/
Mathematics Canvas Crossbody Purse,/product/jvrr/
Pok&#xe9;mon Pikachu Crossbody Bag,/product/jrrg/
Snow White One Bite Crossbody Purse,/product/klhm/
Pok&#xe9;mon Squirtle Faux Leather Crossbody Purse,/product/jppj/
Marvel Hela Handbag,/product/kkuu/
Spider-Man Duffel Purse ,/product/jrsj/
Star Wars May the Force Be With You Purse,/product/jrth/
Gudetama Puffy Vegan Leather Crossbody Bag,/product/jmjr/
Little Mermaid Flounder Crossbody Purse,/product/klhn/
Star Wars Executioner Crossbody Flap Purse,/product/kilo/
Death Trooper Mini Dome Vegan Leather Bag,/product/jmmp/
Lilo and Stitch Crossbody Purse,/product/kmqs/
Pok&#xe9;mon Charmander Faux Leather Crossbody Purse,/product/jppi/
Star Wars Boba Fett Crossbody Purse,/product/komg/
Magic Pony Purse,/product/jsmj/
Star Wars R2-D2 Heart Crossbody Bag,/product/jrsg/
Rugrats TV Crossbody Purse,/product/kmun/
Betsey Johnson Love Machine Crossbody Purse,/product/kjis/
Betsey Johnson Gimme Some Space Crossbody Purse,/product/kjir/
Gudetama Vegan Leather Tote with Coin Bag,/product/jmjq/
Binary Code Tote Bag,/product/jukv/
Hello Kitty Bus Crossbody Purse,/product/kmno/
Hello Kitty House Tote Bag,/product/kmnn/
Star Wars: The Force Awakens Purses,/product/iput/
Navy Blue Sea Creatures Tote Bag,/product/julg/
Star Wars R2-D2 & BB-8 Two-Sided Faux Leather Tote Bag,/product/kmqg/
Dog House Purse,/product/jsml/
Gummy Vandal Clutch,/product/jrkl/
Thor's Hammer Wristlet,/product/kiks/
Disney Mickey Suit Faux Leather Mini Backpack,/product/kmnh/
Doctor Who TARDIS and Flowers Handbag,/product/kmlv/
Disney Belle Debossed Faux Leather Purse ,/product/kmnj/
Game of Thrones Drogon Purse,/product/knip/
Captain Marvel Sash Purse,/product/jomq/
Harry Potter House Cufflinks,/product/jtjq/
Star Wars I Love You / I Know Cufflinks,/product/162a/
Harry Potter Crest Jacquard Ties ,/product/jnik/
"Thor Ragnarok Money Clip, Tie Bar, and Cufflink Set",/product/klop/
Chewbacca Tie,/product/khmj/
Thor Glow-In-The-Dark Cufflinks,/product/kjkp/
Spider-Man Black Matte Cufflinks,/product/jjsr/
Superman Silhouette Gold Cufflinks - Exclusive,/product/iuhv/
Deadpool Bomb Cufflinks,/product/kplp/
Star Wars Darth Vader Lightsaber Tie Bar,/product/kmgh/
Firefly Logo Tie,/product/jttt/
Chewbacca Tie Bar,/product/khls/
Star Wars Mos Eisley Tie Bar,/product/kjlg/
Guardians of the Galaxy Groot Cufflinks,/product/kjko/
Marvel Loki Cufflinks,/product/kjkq/
Coffee & Donuts DIY Coloring Book Tie,/product/jtjg/
Fantastic Beasts Percival Tie and Pin Set - Exclusive,/product/jkkv/
Guardians of the Galaxy Accessories Gift Set - Exclusive,/product/jvjh/
Rebel Alliance Tie Bar,/product/khlu/
Pok&#xe9;mon Jigglypuff Hooded Reversible Scarf,/product/jsps/
Crit Success D20 Beanie and Scarf Set,/product/kpkr/
Wonder Woman Knit Pom Pom Beanie and Scarf Set,/product/koml/
Nightmare Before Christmas Graveyard Knit Scarf,/product/komi/
Nightmare Before Christmas Tattoo Lightweight Scarf,/product/jvmq/
Star Wars Sugar Skull Lightweight Scarf,/product/jvmo/
Bob's Burgers Tina Butts Knit Scarf,/product/komj/
Star Wars Floral and Galactic Empire Kimono Wrap,/product/jotg/
Star Wars Rebel Alliance Floral Kimono Wrap,/product/jotu/
Wonder Woman Logo Lightweight Scarf - Exclusive,/product/jsoh/
Star Wars Rebel Logo Lightweight Infinity Scarf - Exclusive,/product/jsnv/
R2-D2 and C-3PO Blanket Scarf,/product/jjkl/
Star Wars Stormtrooper Blanket Scarf,/product/kisr/
Binary Geek Knit Scarf,/product/kpkm/
Pi By Numbers Knit Scarf,/product/kpkl/
Neon Dragon Beanie and Scarf Set,/product/kpko/
I Need My Space Beanie and Scarf Set,/product/kpkn/
Wonder Woman Art Deco Lightweight Scarf - Exclusive,/product/jsog/
Star Wars Yoda and Friends Floral Lightweight Infinity Scarf - Exclusive,/product/jsnu/
Space Invaders Knit Scarf,/product/kpjr/
Pusheen Scarf,/product/kkru/
Beauty and the Beast Stained Glass Lightweight Infinity Scarf,/product/josu/
Star Wars X-Wing Fighter Art Deco Lightweight Scarf,/product/jvrg/
Star Wars Dark Side Tattoo Lightweight Scarf,/product/jvmp/
Star Wars BB-8 Blanket Scarf,/product/kiss/
Atari 2600 Knit Scarf,/product/kplk/
Exploding Kittens Rainbow Ralphing Cat Scarf,/product/klkq/
Star Wars Rebel Alliance Print Infinity Scarf,/product/jrkh/
Stitch Lightweight Infinity Scarf,/product/josv/
Marvel Spider-Gwen Convertible Headwear,/product/jlvl/
Binary HELLO Scarf,/product/jjrq/
One Heart Down Beanie and Scarf Set,/product/kpkq/
AT-ACT Sun Walk Scarf,/product/jnru/
Star Wars First Order Art Deco Lightweight Scarf,/product/jvmn/
Star Wars Rey Hooded Scarf - Exclusive,/product/jilk/
Zelda: Breath of the Wild Urbosa Chiffon Scarf,/product/khnu/
Sonic Characters Lightweight Infinity Scarf,/product/jost/
SPACE Beanie and Scarf Set,/product/kpks/
Star Wars Rogue One Lightweight Scarf,/product/jmsp/
Beauty and the Beast Chip Lightweight Scarf,/product/kist/
Geek Varsity Beanie and Scarf Set,/product/kpkt/
Power Scarf ,/product/jjrt/
Infinity Gauntlet Lightweight Scarf,/product/kgpr/
Minecraft Creeper TNT Scarf,/product/knjp/
Zelda: Breath of the Wild Divine Beasts Scarf,/product/khrn/
Crit Success D20 Belt and Wallet Gift Set,/product/kpli/
Periodic Table Belt and Wallet Gift Set,/product/kplg/
Crescent Meown Bag Charm,/product/jvrm/
Chameleon Eraser and Pencil 4pc Set,/product/kkir/
#geekfamous Clutch Pouch,/product/jvrl/
Minecraft Creeper Gloves,/product/knjq/
Sloth Eraser and Pencil 4pc Set,/product/kkin/
Yuri!!! on ICE Pouch,/product/jsln/
My Melody Striped Pen Pouch ,/product/jnqs/
Once Upon a Time Evil Queen Mirror Pin,/product/kgiu/
Fantastic Beasts Percival Tie and Pin Set - Exclusive,/product/jkkv/
Atomic Belt and Wallet Gift Set,/product/kplh/
Little Twin Stars Striped Pen Pouch,/product/jnqt/
Yuri!!! on ICE Folding Mirror,/product/jslp/
Betsey Johnson Kitsch Kiss Me Till Ice Cream Wristlet,/product/jums/
Museum of Gudetama Print  Pouch,/product/kivg/
Star Wars Admiral Ackbar Coin Bag,/product/kmqi/
Pusheen Glitter Graphic Cosmetic Bag,/product/jntq/
Lilo and Stitch Coin Bag,/product/kmqn/
Sanrio: Aggressive Retsuko Calm/Rage Coin Purse,/product/kilm/
Lilo and Stitch Scrump Coin Bag,/product/kmqq/
Star Wars R2-D2 Mini Backpack Keychain,/product/jrss/
#geekfamous Clutch Pouch,/product/jvrl/
Yuri!!! on ICE Pouch,/product/jsln/
My Melody Striped Pen Pouch ,/product/jnqs/
Star Wars BB-8 Mini Backpack Keychain,/product/jrst/
Gudetama Vegan Leather Tote with Coin Bag,/product/jmjq/
Little Twin Stars Striped Pen Pouch,/product/jnqt/
The Byte Phone Wristlet by Pixelle,/product/inqv/
Gummy Vandal Clutch,/product/jrkl/
Rugrats Reptar Bar Pouch,/product/kmuk/
Star Wars: The Last Jedi BB-9E Coin Bag,/product/kili/
Betsey Johnson Kitsch Kiss Me Till Ice Cream Wristlet,/product/jums/
Black Magic Spellbook Billfold - Exclusive,/product/juih/
Spellbook Billfold,/product/iqql/
Convertible Wallet-Purse of Holding,/product/kgis/
Bob's Burgers Louise Bunny Skull Zip Wallet,/product/komh/
Game of Thrones Jon Snow's Wallet - Exclusive,/product/jqjt/
Star Wars Rebel Canvas Ladies' Wallet,/product/kmqh/
Crit Success D20 Belt and Wallet Gift Set,/product/kpli/
Game of Thrones A Lannister's Wallet - Exclusive,/product/jqjv/
Museum of Gudetama ID/Card Holder,/product/kivj/
Captain Marvel Vegan Leather Wallet,/product/jomr/
Kingdom Hearts Fandom Wallet - Exclusive,/product/jsmg/
Bob's Burgers Food Truck Wallet,/product/knoj/
"Bob's Burgers ""Burger Heaven"" Bifold Wallet - Exclusive",/product/jqrn/
NASA Scout Wallet,/product/knnv/
Periodic Table Belt and Wallet Gift Set,/product/kplg/
James Webb Space Telescope Wallet - Exclusive,/product/kmgt/
The Flash Justice League Card Wallet with Money Clip - Exclusive,/product/kljp/
Star Wars R2-D2 Debossed Faux Leather Ladies' Wallet,/product/kmps/
Batman Justice League Card Wallet with Money Clip - Exclusive,/product/kljn/
Star Wars Rebel Alliance Money Clip - Exclusive,/product/jviv/
Star Wars Kylo Silencer Wallet,/product/kkqo/
Oogie Boogie Nights Wallet - Nightmare Before Christmas Exclusive,/product/jsmh/
Lilo & Stitch Galaxy Stitch Wallet,/product/knog/
REDBLACK Justice League Wallets - Exclusive,/product/jqrm/
Nightmare Before Christmas Character Wallet,/product/knoh/
Star Wars BB-8 Clouds Ladies' Zip Wallet,/product/kilh/
Kingdom Hearts Factions Wallet - Exclusive,/product/jslv/
Overwatch Wallets,/product/kkiq/
Aquaman Justice League Card Wallet with Money Clip - Exclusive,/product/kljo/
Rugrats Chuckie's Shirt Bifold Wallet - Exclusive,/product/klkk/
Atari Black Katakana Wallet,/product/knnj/
Kingdom Hearts Cosplay Wallet,/product/knnu/
Rocko's Modern Life Bifold Wallet - Exclusive,/product/kljr/
Bob's Burgers Card Wallet - Exclusive,/product/klkm/
Wonder Woman Justice League Card Wallet with Money Clip - Exclusive,/product/kljq/
Hello Kitty Bus Ladies' Wallet,/product/kmnq/
Atomic Belt and Wallet Gift Set,/product/kplh/
Galactic Empire Money Clip - Exclusive,/product/jvjg/
Hey Arnold Graffiti Bifold Wallet - Exclusive,/product/klkl/
Hello Kitty House Ladies' Wallet,/product/kmnp/
Marvel Kawaii Wallet,/product/jlhm/
Star Wars Princess Leia Rebel Tattoo Ladies' Wallet,/product/kmpt/
Pusheen Applique Flap Wallet,/product/kjtn/
Totoro Backpack Clip,/product/kkhn/
Star Wars R2-D2 Mini Backpack Keychain,/product/jrss/
Star Wars BB-8 Mini Backpack Keychain,/product/jrst/
Legendary Bird Pok&#xe9;mon Pillow Danglers,/product/jlhp/
Overwatch Character Lanyards,/product/kkig/
Handmade Damascus Heart with Paracord Carabiner Keychain - Exclusive,/product/jiig/
Pok&#xe9; Ball Pillow Danglers,/product/jlhq/
Overwatch Character Keychains,/product/kkhr/
Spider-Man Enamel Keychain - Exclusive,/product/jvir/
Funko Rick and Morty: Blips & Chitz Mystery Box,/product/ksvo/
Crit Success D20 Beanie and Scarf Set,/product/kpkr/
Deadpool LED Light-Up Beanie,/product/ksvs/
Galaxy Beanie with LED Stars,/product/kllh/
Wonder Woman Knit Pom Pom Beanie and Scarf Set,/product/koml/
Star Wars Darth Vader LED Light-Up Beanie,/product/ksvt/
Super Mario Piranha Plant Beanie,/product/kkuk/
Star Wars Choose Your Side Cap,/product/knnr/
Crit Success d20 Banded Trilby,/product/kpkv/
Marvel Captain America Winter Hat - Exclusive,/product/jvoi/
Star Wars Boba Fett Marled Cuff Beanie,/product/kith/
Overwatch Beanie,/product/kkio/
Nightmare Before Christmas Fairisle Pom Beanie,/product/kisv/
Star Wars I Love You / I Know Reversible Beanie,/product/kitg/
Star Wars Princess Leia Earmuffs,/product/kiti/
Firefly Blue Sun Pom Beanie,/product/kmrj/
Minnie Mouse Pom Beanie,/product/kisu/
Galaxy Strapback Cap with LED Stars,/product/klli/
I Need My Space Beanie and Scarf Set,/product/kpkn/
Neon Dragon Beanie and Scarf Set,/product/kpko/
Gamer Striped Cuff Beanie,/product/kpkp/
Assassin's Creed Cuff Pom Beanie,/product/jilj/
Overwatch Snapback Cap,/product/kkik/
Doctor Who TARDIS Headband,/product/kmmr/
Atari 2600 Cuff Beanie,/product/kplj/
Minecraft Enderman Pom Beanie,/product/knjr/
Star Wars X-wing Blueprint Hat,/product/kkqj/
Sliced Bread Earmuffs,/product/kkum/
Marvel Spider-Gwen Convertible Headwear,/product/jlvl/
Minecraft Enderman Mob Snapback Cap,/product/knjs/
Zelda: Breath of the Wild Daruk Beanie Cap,/product/khqn/
Minecraft Creeper Pom Beanie,/product/knjo/
Atari Black Katakana Flat Brim Cap,/product/knnk/
Bob's Burgers Kuchi Kopi Cap,/product/knnt/
Kingdom Hearts Kairi Bow,/product/kggn/
GeNiUS Periodic Cap,/product/komv/
Kingdom Hearts Paopu Hair Clip Set,/product/jvkq/
ThinkGeek Galaxy Snapback Cap,/product/kgkl/
Narwhal Beanie,/product/kkul/
Superman Logo Strapback Cap,/product/jnot/
ThinkGeek Atom Snapback Cap,/product/kgkk/
SPACE Beanie and Scarf Set,/product/kpks/
Constellation Flat Cap,/product/kpku/
Donutella Headband,/product/kgql/
Star Wars Red Banner Beanie,/product/kkqm/
Kingdom Hearts Heartless Cap,/product/knns/
8-Bit Rainbow Baseball Cap,/product/kolr/
Pusheen Cap,/product/kkrt/
Beauty and the Beast Strapback Cap,/product/jnov/
Shark Attack Cap,/product/kong/
Vader Oversized Pom Beanie,/product/jill/
Forest Fairy Gold Hair Comb,/product/jqss/
Geek Varsity Beanie and Scarf Set,/product/kpkt/
ThinkGeek Constellation Snapback Cap,/product/kgkm/
Fairy Queen Gold Circlet Hair Jewelry,/product/jqsr/
Zelda: Breath of the Wild Mipha's Beanie,/product/khom/
Firefly Blue Sun Dad Hat,/product/kjgt/
Weyland-Yutani Corp Baseball Hat,/product/jrhq/
Firefly Jayne's Hat,/product/kmhv/
Overwatch Team Player Snapback Cap,/product/kkij/
Deadpool Fuzzy Bunny Slippers,/product/koii/
Harry Potter House Slippers,/product/koiv/
NASA Astronaut Boot Plush Slippers,/product/knli/
Rugrats Reptar Plush Slippers,/product/koij/
Shark Plush Slippers for Grown Ups,/product/1cf9/
Plush Zombie Slippers,/product/ea01/
Anglerfish LED Light-Up Plush Slippers,/product/kkqs/
Wonder Woman Knit Bootie Slipper,/product/kktp/
Orochi Dragon USB Heated Slippers ,/product/kitk/
Captain America Winged Slippers,/product/koik/
NASA Microfleece Slipper Socks,/product/konr/
Batman Caped Uniform Slippers,/product/koil/
Rugrats Chuckie Plush Sneaker Slippers,/product/kktr/
Harry Potter Hogwarts Slippers,/product/jrmt/
Narwhal USB Heated Slippers - Exclusive,/product/kitl/
Pusheen Slippers with Tail,/product/jpkg/
Harry Potter Plush Slippers,/product/kktq/
Unicorn Light-Up Slippers,/product/jknl/
Guardians of the Galaxy Groot Slippers,/product/koiq/
Labyrinth 'Ello Worm Plush Slippers,/product/kggo/
Batman Sock Slippers,/product/kkto/
Aquaman Uniform Slippers,/product/koir/
Harry Potter Hogwarts Moccasin Slippers,/product/jtqh/
Constellation Slippers,/product/koiu/
Twitchy Kitty Cat Paw Slippers with Sound,/product/krsq/
Marvel Loki Horned Slippers,/product/koin/
Nightmare Before Christmas Jack Slippers,/product/koio/
Deadpool High Top Sneaker,/product/knks/
Harry Potter Boy Who Lived Low-Top Sneakers,/product/koji/
Black Panther High Top Sneaker,/product/knit/
C-3PO Flats - Limited Edition,/product/ilmu/
Guardians of the Galaxy Baby Groot High Top Sneakers,/product/knku/
Captain America High Top Sneaker,/product/knkr/
Wonder Woman Slip-On Sneakers,/product/jnno/
Wonder Woman Ladies' Lace-Up Sneakers,/product/jqhg/
Star Wars R2-D2 Flats - Exclusive,/product/istm/
Misty Reins Unicorn Sneakers - Exclusive,/product/jtns/
Winged Gladiator Sandals - Exclusive,/product/jgrl/
Unicorn Leather Sneakers,/product/kktu/
Night Sky LED Light-Up Heels,/product/kktt/
Kitty Cat Leather Sneakers,/product/kktv/
Star Wars The Dark Side Flats - Limited Edition,/product/ilng/
Toy Story Arch Enemies Light-Up Heels,/product/komo/
Pok&#xe9;mon Light-up Pikachu Slippers,/product/jqms/
Star Wars Darth Vader Slippers,/product/1d59/
Wonder Woman Ladies' Metallic Hi-Top Sneakers,/product/jtqi/
Harry Potter Hogwarts High-Top Sneakers,/product/jqgv/
Star Wars I Am Your Father Flats - Limited Edition,/product/itim/
Wonder Woman Ladies' Athletic Sneakers,/product/jtql/
Pok&#xe9;mon Snoring Snorlax Slippers,/product/jlsm/
Kitty Paws Heels,/product/jnpk/
Star Wars Galactic Necklace,/product/kglo/
Firefly Leaf on the Wind Reversible Necklace,/product/jqpo/
Mars Orbit Watch,/product/kovm/
Star Trek Trillion Sterling Necklace - Exclusive,/product/jhok/
Solar Orbit Necklace,/product/itkv/
Legend of Zelda Leather Watch - Exclusive ,/product/ithj/
Nixon The Unit Boba Fett - Limited Reissue,/product/jlgs/
Tesla Watch,/product/imnl/
Spiral Galaxy Meteorite Pendant Necklace,/product/komu/
Coeur Sauvage Necklace Pendant ,/product/itnr/
Dragon Ear Wrap,/product/ec54/
Star Trek Starfleet Division Sterling Silver Silver Trillion Necklace,/product/jhol/
Nixon Luke Skywalker Safari Watch - ThinkGeek x Nixon Exclusive,/product/jsmu/
Dungeon Master's Watch - Exclusive,/product/kioq/
Shadow of War One Ring,/product/juqj/
Firefly Sterling & Citrine Serenity Charm Necklace,/product/jqpi/
Nixon Master Yoda Time Teller Watch - ThinkGeek x Nixon Exclusive,/product/jsng/
The Rey Kensington Leather SW Watch - Nixon x ThinkGeek Exclusive,/product/jqrp/
Stargazer's Watch - Exclusive,/product/jqrv/
Chromatic LED Watch,/product/jikt/
Harry Potter House Colors Watch,/product/kngi/
Fallout RadGlow Watch - Exclusive,/product/jsqs/
Star Trek Starfleet Division Sterling Silver Trillion Ring,/product/jhot/
Celestial Fireworks LED Bracelet,/product/itqo/
Transforming Voltron Souvenir Watch - Exclusive,/product/jsrg/
Star Wars Yoda Stacked Pendants Necklace,/product/kluq/
GotG Sterling Groot Basket Branch Ladies' Ring,/product/jtlm/
Star Wars BB-8 Enamel Ear Jacket Earrings,/product/kmgg/
Solar Eclipse Charmed Simplicity Necklace,/product/jvkh/
D&D Logo Pendant,/product/kktg/
She-Ra Helmet Ring,/product/kksv/
Raven Ear-wing Ear Wrap,/product/ipvu/
ThinkGeek Star Trek Collection by Her Universe Enamel Pin Sets,/product/jnsu/
GotG Sterling Dancing Groot Earrings,/product/jtlj/
Mysterium Xarxes Daedric Watch - Skyrim Exclusive,/product/jsqu/
Mario Kart LED Twinkling Bracelet,/product/jsur/
Firefly Browncoat Necklace,/product/jqpk/
Star Wars Jedi Watch,/product/kmvu/
Timepieces of Destiny 2,/product/kigr/
Jurassic World T. Rex Woodgrain Watch,/product/kovh/
Rick and Morty Portal Signet Ring,/product/koul/
Harry Dresden's Pentacle Necklace,/product/jsjh/
Super Mario Bros. Mario Watch,/product/kngl/
Firefly Serenity Ship Necklace,/product/jqpp/
Fantastic Beasts Wand Necklace,/product/kjgh/
Pok&#xe9;mon Pikachu Crystal Tail Necklace,/product/juhs/
Harry Potter Lumos Ravenclaw Charm Bracelet,/product/jpgm/
Harry Potter Lumos Slytherin Charm Bracelet,/product/jpgn/
Commemorative Solar Eclipse Watch - Exclusive,/product/kior/
Star Wars Death Star Enamel Crystal Earrings,/product/klvv/
Pok&#xe9;mon Pikachu 3-Pack Enamel Earring Set,/product/jmvm/
Dragonhenge Bracelet,/product/jnsh/
Destiny Strange Coin Medallion,/product/kito/
Star Wars Yoda Dangling Lightsaber Earrings,/product/klvr/
Poop Emoji Charm Stud Earrings,/product/jsrv/
D&D Dragon Flight Pendant Necklace,/product/kmij/
GotG Wee Awesome Mix Vol. 2 Cassette Sterling Stud Earrings,/product/jtkt/
Harry Potter Luck Necklace,/product/1108/
Harry Potter Lumos Gryffindor Charm Bracelet,/product/jpgk/
D&D Beholder Stud Earrings,/product/kmhp/
Full Moon Charmed Simplicity Necklace,/product/jvjs/
Harry Potter Dark Mark Watch,/product/kngj/
Destiny Hunter Necklace,/product/kitq/
Guardians of the Galaxy Wee Groot Stud Earrings,/product/jtli/
IAMA Groot Watch - Exclusive,/product/jsqt/
Sterling Silver Bracelet for Charms,/product/kror/
Star Trek TNG Mirror Universe Magnetic Badge,/product/kppo/
Rick and Morty Rick's Prisoner Bracelet,/product/kouk/
Star Wars Ear Cuff - Set of 3,/product/kmgk/
Firefly My Land Dino Duo Necklaces - Set of 2,/product/jqpl/
D&D Mimic Pendant Necklace,/product/kmik/
D&D Breathing Dragon Cuff Bracelet,/product/kmii/
Captain America Shield Watch,/product/kmvs/
Batman Logo Watch,/product/kngk/
Star Wars Imperial Chandelier Earrings,/product/klvo/
Pok&#xe9;mon Pikachu 3-Pack Earrings Set,/product/jsnj/
His Monster / Her Monster ID Bracelet,/product/jpkl/
Star Wars X-Wing Crystal Pendant,/product/jugj/
Krishina Crystal Floral Ring,/product/jqso/
Star Wars Galactic Empire Choker,/product/jtvi/
GotG Sterling & 14K Gold Headphones Pendant Necklace,/product/jtkq/
Voltron Blazing Sword Pendant - Shadow Series,/product/iqgt/
Destiny Iron Banner Medallion,/product/kitp/
Nightmare Before Christmas Jack Watch,/product/kngn/
Black Panther Logo Watch,/product/kmvr/
Deadpool Logo Watch,/product/kngg/
D&D Mind Flayer Ring,/product/kmho/
Star Wars Darth Vader Dangling Lightsaber Earrings,/product/klvt/
Pok&#xe9;mon Pok&#xe9; Ball Watch,/product/kngo/
Ikarus Ear Wrap,/product/jnso/
Star Wars Rebel Symbol Faux Leather Choker,/product/kmgl/
Pizza Charm Necklace,/product/jsru/
Star Wars R2-D2 Charm Bead,/product/hros/
Necronomicon Necklace,/product/jsjl/
GotG Groot Charm Bracelet,/product/jtll/
Star Wars I Love You / I Know  Faux Leather Bracelet,/product/klvq/
Sterling Pok&#xe9;mon Pikachu Dangle Charm Bead,/product/juhq/
"Bob's Burgers ""The Final Kraut Down"" Burger Watch",/product/jprh/
Wall-E Robot Watch,/product/kngh/
Lion King Hakuna Matata Watch,/product/kngm/
Player 1 Player 2 Pendant Necklace Set,/product/jjur/
Marvel Deadpool Cowabunga Pendant,/product/jugg/
Pok&#xe9;mon Pok&#xe9; Ball & Crystal Ladies' Ring,/product/juhv/
Star Trek Starfleet Sterling Silver Trillion Ring - Exclusive,/product/jhos/
Krishina Crystal Floral Choker,/product/jqsn/
Stitches Ring,/product/jpkk/
Daughters of Darkness Ear Wrap,/product/jntj/
Rick and Morty Portal Watch,/product/kmvv/
Star Wars Luke Skywalker Lightsaber Ear Jacket Earrings,/product/klus/
Kingdom Hearts Heartless Cuff Bracelet,/product/kooj/
Star Wars Vader Saber Bracelet & Ring - Exclusive,/product/iqgn/
Voltron Red Lion Ring,/product/jjus/
D&D Mind Flayer Pendant Necklace,/product/kmim/
Star Wars R2-D2 Ear Cuff and Crystal Stud Earrings Set,/product/kmgj/
Destiny Warlock Necklace,/product/kits/
Kingdom Hearts Roxas Cosplay Necklace,/product/kook/
8-Bit Hearts Watch,/product/koqg/
Star Trek Vintage Style Brooch Set,/product/jnst/
Pizza Charm Stud Earrings,/product/jsrt/
Black Panther Claw Pendant Necklace,/product/jtvn/
Geistalon Pendant Necklace,/product/jnti/
Star Wars Ep 7 Rey Leather Cuff Bracelet,/product/iusl/
Star Wars Imperial Logo Ear Climber Earrings,/product/klur/
"""Nice"" Zodiac Gold Pendant",/product/jsrr/
Star Wars BB-8 Bead Bracelet,/product/jtvr/
Masters of the Universe Power Sword Stud Earrings,/product/jjun/
D&D Demogorgon Pendant Necklace,/product/kmil/
Star Wars BB-8 Gold Pendant Necklace - Exclusive ,/product/isgm/
New Moon Charmed Simplicity Necklace,/product/jvjq/
Solar Eclipse Moonstock Bangle Bracelet,/product/jvkl/
8-Bit Watch,/product/kopv/
Suicide Squad Daddy's Little Monster Necklace,/product/jjvq/
Minecraft Enderman Earrings,/product/knju/
Pok&#xe9;mon Mewtwo Enamel Pendant Necklace,/product/juhn/
Star Wars Character Heads Charm Bracelet,/product/jmus/
#geekfamous Necklace,/product/kkmm/
Sterling Pok&#xe9;mon Pok&#xe9; Ball Charm Bead,/product/juht/
Rogue One: K-2SO Charm Bead,/product/jmup/
Firefly Evil Laugh Dino Necklace,/product/jqpn/
Star Trek Delta Enamel Stud Earrings (Division Colors),/product/jmij/
Rogue One: Death Trooper Charm Bead (Black),/product/jmuq/
Masters of the Universe Tri-Klops Ring,/product/jjul/
Star Wars TIE Fighter Window Ring,/product/koum/
Destiny Titan Necklace,/product/kitr/
S.H.I.E.L.D. vs. Hydra Allegiance Pendant,/product/htms/
9 Lives Stealer Sword Cuff,/product/kkti/
Pok&#xe9;mon Team Rocket 3-Pack Earrings Set,/product/juho/
Pok&#xe9;mon Pikachu Silver Crystal Silhouette Pendant Necklace,/product/jsnm/
Harley Quinn Checkered Print Watch ,/product/itgu/
Rick and Morty Squanchy's Rick's BFF Bracelet,/product/koun/
Player 1 Player 2 Stud Earrings,/product/jjuq/
Wolf Bullet Earring & Stud - Exclusive,/product/iqgh/
Pok&#xe9; Ball Interchangeable Ring,/product/jmvg/
Star Wars Darth Vader Watch,/product/kmvt/
Star Wars BB-8 Droid 3D Ring - Exclusive,/product/inno/
Sleepy Squid Sterling Silver Charm Bead - Exclusive,/product/iosu/
Star Wars Death Star Stacked Pendants Necklace,/product/klup/
Star Wars R2-D2 Ear Jacket Earrings,/product/klvs/
Rogue One: Death Trooper 3D Stud Earrings,/product/jmvh/
GotG Awesome Mix Vol. 2 Cassette Choker Necklace,/product/jtkr/
Solar Eclipse Pallene Bracelet,/product/jvkm/
"""Naughty"" Zodiac Silver Pendant",/product/jsrs/
Steamhammer Pendant,/product/ivik/
Star Wars R2-D2 Sterling Stud Earrings,/product/jtvk/
Timmy Charm Bead,/product/1e56/
Rogue One: Death Trooper Glow-in-the-Dark Stud Earrings,/product/jmur/
HYDRA Charm Bead,/product/htmk/
Star Wars BB-8 Ear Cuff and Crystal Stud Earrings Set,/product/kmgi/
Sonic Stud Earrings - Exclusive,/product/iurq/
Star Wars BB-8 Steel Ear Jacket Earrings,/product/klvu/
Tango Necklace,/product/ipng/
Stormtrooper Silhouette Corded Necklace,/product/iurk/
Kylo Ren Lightsaber Earrings - Exclusive,/product/ishl/
"Star Wars Death Star Jewelry (Ring, Necklace, Earrings)",/product/htvi/
Star Trek Delta Enamel Necklaces (Division Colors),/product/jmii/
Forest Fairy Gold Hair Comb,/product/jqss/
Star Wars Darth Vader Faux Leather Wrap Bracelet,/product/kmgm/
Nixon General Leia Organa Crew Watch - ThinkGeek x Nixon Exclusive,/product/jsmv/
New Moon Moonstock Bangle Bracelet,/product/jvjt/
Star Wars Episode VII Stormtrooper 3D Ring,/product/ishu/
Fairy Queen Gold Circlet Hair Jewelry,/product/jqsr/
Star Wars Darth Vader's Lightsaber Faux Leather Bracelet,/product/klvp/
Han Solo in Carbonite Pendant - Shadow Series,/product/iqgu/
Full Moon Moonstock Bangle Bracelet,/product/jvju/
Sterling Drag and Drop Charm Bead,/product/ioss/
Pok&#xe9;mon Pikachu Gold Back Silhouette Pendant Necklace,/product/jsnn/
D&D Dragon Claw Stud Earrings,/product/kmig/
Guardians of the Galaxy Baby Groot Pendant Necklace,/product/jtvo/
Kingdom Hearts Sora Cosplay Necklace,/product/kmsl/
Star Trek Friendship Necklace,/product/klto/
Star Wars Leia Stacked Pendants Necklace,/product/klvn/
D&D Twin Dragon Ring,/product/kmhn/
D&D Dragon Claw Drop Earrings,/product/kmih/
Voltron Ring - Shadow Series ,/product/iqgs/
Kingdom Hearts Keyblade Master Cuff Bracelet,/product/kooh/
Guardians of the Galaxy Dancing Baby Groot Pendant Necklace,/product/jtvu/
GotG Sterling Climbing Groot Earrings,/product/jtlk/
Deadpool Product Placement Pack,/product/kklv/
Harry Potter Lumos Hufflepuff Charm Bracelet,/product/jpgl/
Marvel Infinity Gauntlet Stud Earrings,/product/jugk/
Crit Success D20 Belt and Wallet Gift Set,/product/kpli/
Periodic Table Belt and Wallet Gift Set,/product/kplg/
Batman Light Up Buckle,/product/jvvn/
Overwatch Belt,/product/knkl/
Atomic Belt and Wallet Gift Set,/product/kplh/
Green Lantern Light Up Buckle,/product/jvvo/
Gaming Dice Soap Set,/product/jomn/
Harry Potter Gryffindor Spa Set,/product/jvpq/
Harry Potter Snape Always Spa Set,/product/khhk/
Wonder Woman Spa Set,/product/kkmn/
Shower Shock Caffeinated Soap,/product/5a65/
Pusheen Glitter Graphic Cosmetic Bag,/product/jntq/
Star Wars R2-D2 Spa Set,/product/kkml/
Anime Pigtails Wig,/product/kjgp/
Hello Kitty Narikiri Face Mask ,/product/kltr/
Blackout Sleep Masks,/product/jtrg/
8-Bit Soap Set,/product/jomm/
Yuri!!! on ICE Folding Mirror,/product/jslp/
DIY Men's Body Care Kit,/product/jvpk/
Hello Kitty Foot Cooling Sheet,/product/jvuo/
Hello Kitty 3-Pack Hand Cream Set ,/product/jvuj/
Hello Kitty Face Towel,/product/kipk/
Hello Kitty Cherry Blossom Essence Face Pack (7Sheets X 5Pack),/product/jvuh/
Hello Kitty Lip Cream,/product/jvui/
Hello Kitty 7Pcs Mask Pearl,/product/jvug/
